ID,Zchng,Fundnr,Anzahl,Dm_min,DM_max,Proz,Farb_a1,Farb_a2,Farb_a3,Farb_i1,Farb_i2,Farb_i3,Farb_kern1,Farb_kern2,Farb_kern3,Verzierung_a1,Verz_a1_mehrfach,Verzierung_a2,i,Produktionsspuren,Erhaltung,Mag_min,Mag_max,Hals_Kragenform,Anmerk,Gefäßform,Gefäßtyp,Randform,joint_Zchnr,joints_WS_Zahl,joint_RS_Zahl,Anmerk_2,Zenodo
1,70XIII,1230467,1,,,777,6,,,6,,,5,,,,,,,,,,"0,25",,Deckelmarke,,60,,,,,,
2,45XV,1230380,1,,,,1,6,,1,9,,1,9,,,,,,,,"0,1","0,3",,DeckelmarkeBobzin,,,,,,,,
3,,1230284,1,18,,6,3,,,1,2,,2,,,,,,,,errodiert,"0,1","0,25",,,,,K,,,,,
4,,1230464,1,,,,6,,,6,,,2,,,3,,,,,,,"0,15",,GF bis unter Rand,,,K4,,,,,
5,,1230411,1,,20,4,4,3,,4,3,,5,,,3,,,,,,,"0,2",,GF direkt unter dem Rand,,40,T1,,,,,
6,,1230411,1,,,777,2,,,4,2,,5,,,3,,,,,,,"0,25",,GF direkt unter Rand,,40,T1,,,,,
7,35XI,1230333,1,,20,11,2,1,,1,8,,5,,,,,,,,,"0,1","0,4",,grobgemagert,,50,T1,,1,,,
8,,1230493,1,,20,7,,,,,,,,,,,,,,,,,,,Hohlkehle,,,T8,,,,,
9,64IV,1230,1,,12,11,8,,,9,,,8,,,,,,12,,,,"0,02",,,,,,,,,,
10,47XII,1230390,1,,18,10,1,,,7,,,2,,,,,,,,,"0,1","0,35",6,,,,,,,,,
11,42XIII,1230050,1,,,777,4,,,4,,,5,,,,,,,,Loch,"0,1","0,4",,,,,T1,,,,,
12,,1230390,1,,,,,,,,,,,,,,,,,,,,,,napfartig,,,,,,,,
13,48III,1230390,1,,,,4,,,4,,,5,,,,,,,,,"0,1","0,2",,Näpfchen,,,,,,,,
14,31I,1230367,2,,20,12,3,,,,,,5,,,,,,,,,"0,2","0,3",,rauh,,70,,,,,,
15,,1230317,1,,,,7,,,7,,,5,,,,,,,,,"0,1","0,4",,Schale?,,,G14,,,,,
16,32VIII,1230284,1,,16,6,6,,,6,,,5,,,,,,,,,"0,1","0,2",,slawisch?,,52,,,,,,
17,44II,1230200,1,,16,15,6,,,2,,,,,,,,,,,,"0,05","0,15",3,,,50,T1,,,,,
18,71XV,1230457,2,,20,,4,,,6,,,4,,,,,,,,,,"0,2",,UFG?,,,,,,,,
19,29I,1230367,2,16,18,75,9,8,3,,,,2,,,,,,,,,"0,05","0,3",,wenig Magerung,,50,T21,,,,,
20,32I,1230284,1,,14,20,2,3,,1,,,5,,,,,,,,,"0,05","0,3",,wenig Magerung,,40,,,,,,
21,29V,1230367,2,,16,27,9,8,3,,,,5,,,,,,,,,"0,1","0,4",,wenig Magerung,,,,,,,,
22,,1230282,1,,,,,,,,,,,,,3,,,3,,geschwärzt,,,,,,70,G1,,,,,
23,51I,1230420,2,,16,40,1,,,4,,,5,,,3,,,,,,"0,1","0,2",,,,50,T12,,1,,,
24,,1230197,1,,14,7,4,,,4,,,4,2,,3,,,,,,,,,,,40,T1,,,,,
25,45X,1230383,1,,18,5,1,2,,1,2,,5,,,3,,,,,,"0,1","0,3",,,,50,T8,,,,,
26,45VIII,1230383,1,,18,14,6,,,1,2,,5,,,3,,,,,,"0,2","0,3",,,,40,T13,,,,,
27,44IX,1230206,1,,22,14,4,,,1,4,,5,,,3,,,,,,"0,15","0,2",,,,50,T1,,,,,
28,44X,1230206,1,,17,8,3,2,,3,2,,5,,,3,,,,,,"0,2","0,25",,,,40,T1,,,,,
29,41XIV,1230353,1,,16,23,3,7,,6,,,5,,,3,,,,,,"0,1","0,2",,,,50,T8,,,,,
30,,1230383,1,,18,10,4,,,4,,,5,,,3,,,,,,"0,1","0,2",,,,40,T8,,,,,
31,42II,1230346,1,,18,34,7,,,4,,,5,,,3,,,,,,,"0,15",,,,40,T2,,,,,
32,41XVII,1230346,2,,14,25,1,7,,4,1,,5,,,3,,,,,,,"0,25",,,,40,K4,,,,,
33,42I,1230346,2,,19,25,8,7,,7,3,,5,,,3,,,,,,"0,15","0,2",,,,50,T1,,,,,
34,32VI,1230284,1,,,,9,4,,,,,5,,,3,,,,,,"0,05","0,15",,,,70,,,,,,
35,42VIII,1230348,1,,,,,,,7,,,,,,3,,,,,,,,,,,60,,,,,,
36,,1230317,2,,,,,,,,,,,,,3,,,,,,,,,,,70,G2,,,,,
37,,1230348,1,,14,6,,,,,,,,,,3,,,,,,,,,,,,K4,,,,,
38,64VII,1230452,1,,,,,,,,,,,,,3,,,,,,,,1,,,,T12,,,,,
39,70XVII,1230481,1,,12,16,2,1,,2,1,,2,,,3,,,,,,"0,1","0,2",,,,40,T1,,,,,
40,70II,1230041,1,,14,18,4,,,4,,,2,,,3,,,,,,"0,1","0,25",,,,50,T8,,,,,
41,66I,1230473,1,,18,9,1,2,,1,4,,4,,,3,,,,,,"0,25","0,3",,,,50,T1,,,,,
42,71IX,1230477,1,,,,4,,,4,,,4,,,3,,,,,,,"0,2",,,,60,,,,,,
43,71X,1230477,1,,16,15,6,,,3,,,5,,,3,,,,,,,"0,35",,,,40,T21,,,,,
44,70XII,1230467,4,,18,20,4,6,,6,,,5,,,3,,,,,,"0,2","0,3",,,,,K4-K4,,,,,
45,69III,1230461,4,,21,56,7,4,,6,,,5,,,3,,,,,,"0,2","0,3",,,,40,T15,,,,,
46,,1230344,1,,,,1,4,,1,4,,5,,,3,,,3,,,"0,05","0,3",,,,,G4,,,,,
47,72VIII,1230250,1,,20,17,1,3,,2,1,,5,,,3,,,,,,"0,2","0,3",,,,50,T8,,,,,
48,,1230467,1,,,777,1,7,,2,4,,5,,,3,,,,,,,"0,2",,,,,K4,,,,,
49,70XVIII,1230481,1,,18,16,1,,,5,1,,5,,,3,,,,,,,"0,25",,,,40,T10,,,,,
50,72V,1230252,1,,17,25,1,2,,4,,,5,,,3,,,,,,,"0,2",,,,,K4,,,,,
51,,1230464,3,,,,4,,,4,,,5,,,3,,,,,,,"0,25",,,,,T1,,,,,
52,72II,1230252,1,,22,5,4,2,,4,,,5,,,3,,,,,,,"0,25",,,,40,T4,,,,,
53,69IX,1230394,1,,18,19,6,4,,4,,,5,,,3,,,,,,,"0,3",,,,40,T1,,,,,
54,70III,1230041,1,,18,5,4,1,,4,1,,5,,,3,,,,,,,"0,2",,,,40,K4,,,,,
55,66II,1230473,2,,16,10,4,1,,4,1,,5,,,3,,,,,,"0,25","0,3",,,,50,T1,,,,,
56,72I,1230252,2,,18,20,1,2,,4,3,,5,,,3,,,,,,,"0,25",,,,50,T2,eventuell Zchng. 65XII & VIII,,,,
57,69VIII,1230394,1,,18,18,3,2,,4,,,5,,,3,,,,,,"0,15","0,2",,,,5040,T22,,,,,
58,,1230472,1,14,,7,3,,,2,3,,6,,,3,,,,,,"0,2","0,3",,,,,K1,,,,,
59,,1230406,1,14,,9,,,,,,,,,,3,,,,,,,,,,,,K1,,,,,
60,,1230452,2,,,,,,,,,,,,,3,,,,,,,,,,,,K4,,,,,
61,,1230477,12,16,18,45,,,,,,,,,,3,,,,,,,,,,,,K4,,,,,
62,72III,1230234,1,,,777,1,,,1,,,1,,,10,,,10,,,,"0,3",,,,70,G4,,,,,
63,,1230461,1,,18,6,,,,,,,,,,10,,,10,,,,,,,,70,G3,,,,,
64,,1230426,1,,18,10,8,2,,7,4,,5,,,10,,,,,,,"0,2",,,,,G2,,,,,
65,,1230426,1,,18,5,8,2,,7,4,,5,,,10,,,,,,,"0,2",,,,,G4,,,,,
66,33I,1230340,2,,13,52,3,7,,,,,3,7,,10,,,,,Krusten am Rand,"0,05","0,2",,,,40,T4,,2,,,
67,56II,1230432,1,,,,3,7,,3,,,7,6,,10,,,,,,"0,1","0,3",,,,1020,,,,,,
68,34VIII,1230324,1,,20,10,4,9,,,,,4,2,,11,,,,,,"0,15","0,2",,,,,K3,,,,,
69,35XI,1230333,2,,20,19,1,2,,1,,,5,,,11,,,,,,"0,05","0,2",,,,,K3,,,,,
70,,1230463,1,,20,6,4,,,1,4,,5,,,11,,,,,,,"0,25",,,,,K3,,,,,
71,60VII,1230402,2,,14,12,2,7,,4,1,,5,,,11,,,,,,"0,2","0,3",,,,,K3,,,,,
72,54IX,1230409,1,,12,10,4,2,,4,2,,5,,,11,,,,,,"0,15","0,2",,,,,K3,,,,,
73,45XIV,1230380,1,,14,8,2,,,1,,,5,,,11,,,,,,"0,15","0,2",,,,40,K3,,,,,
74,58I,1230472,1,12,,10,4,,,4,,,5,,,1,2,,,,,"0,2",,,,,40,T14,,,,,
75,,1230464,1,,,,2,3,,2,3,,6,,,20,2,,,,,,"0,2",,,,,T15,,,,,
76,,1230467,1,,18,7,1,,,1,,,1,,,3,,,,,,,"0,25",,,,,K4,,,,,
77,71IV,1230477,2,,13,14,4,2,,6,,,1,,,3,,,,,,,"0,25",,,,50,T1,,,,,
78,,1230446,1,,,777,,,,,,,2,,,3,,,3,,,,"0,3",,,,70,G5,,,,,
79,72I,1230234,1,,18,15,2,1,,1,,,2,,,3,,,,,,,"0,25",,,,50,T1,,,,,
80,71II,1230477,1,,18,16,3,7,,3,,,2,,,9,,3,,,,,"0,2",,,,50,T21,,,,,
81,61III,1230402,1,,18,16,4,2,,7,,,4,,,3,,,3,,,,"0,2",,,,70,G4,,,,,
82,52VIII,1230418,1,16,18,8,,,,,,,5,,,3,,,,glatt,,,"0,2",,,,6070,,,,,,
83,57XIII,1230428,1,,16,10,1,,,4,,,5,,,3,,,,,,"0,1","0,2",,,,70,G1,,,,,
84,70IV,1230041,1,,18,8,4,,,4,,,5,,,3,,,3,,,,"0,2",,,,70,G1,,,,,
85,61II,1230402,3,20,22,17,4,,,4,,,5,,,3,,,3,,,,"0,25",,,,70,G2,,,,,
86,,1230464,1,,,,4,,,4,,,5,,,3,,,3,,,,"0,2",,,,70,G2,,,,,
87,58V,1230472,1,14,,11,4,,,4,,,5,,,3,,,3,,,"0,2","0,3",,,,70,G1,,,,,
88,55IV,1230445,1,16,18,10,2,1,,7,2,,5,,,3,,,,,,"0,2","0,3",,,,70,G1,,,,,
89,,1230477,1,16,18,7,8,,,2,,,6,,,3,,,3,,,,"0,25",,,,70,G7,,,,,
90,64VIII,1230476,1,,20,11,,,,,,,6,,,3,,,3,,,"0,15","0,25",,,,70,G6,,,,,
91,42VII,1230348,1,,,,,,,,,,,,,3,,,3,,,"0,1","0,3",,,,70,G1,,,,,
92,,1230481,1,,,,,,,,,,,,,3,,,3,,,,,,,,70,G2,,,,,
93,54XI,1230409,1,16,18,6,,,,,,,,,,3,,,,glatt,,,,,,,70,G1,,,,,
94,,1230467,1,,,777,,,,,,,,,,3,,,,glatt,,,,,,,70,G1,,,,,
95,,1230461,1,,,777,,,,,,,,,,3,,,,,,,,,,,70,G1,,,,,
96,41IX,1230344,1,,14,6,1,,,1,,,1,,,22,,,,,,,"0,4",,,,40,K4,,,,,
97,37XVI,1230344,1,,13,11,1,4,,1,4,,4,2,,22,,,,,,"0,1","0,3",,,,,K4,,,,,
98,72III,1230252,1,,21,9,2,6,,7,,,1,7,,22,20,,,,,,"0,2",,,,40,T6,,,,,
99,42IV,1230348,1,,18,14,7,1,,1,7,,2,,,22,20,,,,,"0,1","0,2",,,,50,T6,,,,,
100,32XI,1230340,1,,,777,,,,,,,,,,21,,,,,geschwärzt,"0,05","0,3",,,,,K1,,,,,
101,37II,1230289,2,,14,25,7,1,,,,,5,,,13,,,,,,"0,1","0,25",,,,,K4,,,,,
102,70IX,1230467,1,,16,9,4,,,4,,,5,,,21,,,,,,,"0,25",,,,,T5,,,,,
103,,1230481,1,,,,6,,,6,,,5,,,13,,,,,,,"0,2",,,,,T13,,,,,
104,,1230478,1,,,,1,,,2,,,5,,,13,,,,,,,,,,,,T4,,,,,
105,64II,1230392,1,,20,24,4,6,,4,,,5,,,13,,,,,,,"0,25",,,,,K4,,,,,
106,71VI,1230477,3,,16,29,4,1,,1,6,,5,,,13,,3,,,,,"0,25",1,,,,T1,,,,,
107,56IX,1230429,1,,14,8,1,,,4,6,,2,,,18,,,,geschwärzt,,"0,1","0,2",,,,40,T1,,,,,
108,57VII,1230428,1,,13,18,6,,,1,7,,5,,,18,,,,,,"0,1","0,2",,,,50,T1,,,,,
109,65II,1230194,1,,20,16,2,7,,4,7,,5,,,18,,,,,,,"0,25",,,,,K4,,,,,
110,57VI,1230428,1,,14,15,1,2,,7,,,6,,,18,,,,,,"0,1","0,3",,,,50,T1,,,,,
111,,1230234,1,,,,4,,,4,,,5,,,1319,,,,,,,"0,2",,,,,T1,,,,,
112,63V,1230447,1,,16,18,4,1,,4,1,,5,,,14,,,,,,"0,1","0,2",,,,60,,,1,,,
113,57IX,1230428,1,,19,16,6,,,6,,,2,,,14,,,,,,"0,1","0,2",,,,,T6,,,,,
114,63XIII,1230392,1,16,18,6,4,,,4,,,4,,,14,,,,,,,"0,3",,,,,K4,,,,,
115,51III,1230420,1,,20,15,4,,,4,,,4,,,14,,,,,,"0,1","0,3",,,,,K4,,,,,
116,60VIII,1230435,1,,16,17,1,7,,1,,,5,,,14,,,,,,,"0,25",,,,40,T1,,,,,
117,53VI,1230409,2,,18,10,3,7,,4,1,,5,,,14,,,,,,"0,1","0,25",,,,,K4,,,,,
118,43XII,1230204,1,,9,30,4,,,4,,,5,,,15,,3,,,,"0,15","0,25",,,,,K4-3,,1,,,
119,44III,1230200,1,,18,7,1,2,,1,2,,5,,,15,,3,,,,"0,15","0,2",,,,,K4,,,,,
120,46V,1230316,1,,22,5,4,,,4,,,5,,,15,,3,,,,"0,1","0,2",,,,40,K4,,,,,
121,,1230348,1,,16,5,,,,,,,,,,15,,3,,,,,,,,,,K3,,,,,
122,37I,1230289,4,,12,26,9,1,,2,1,,5,,,15,,,,,,"0,1","0,2",,,,,K3,,1,,,
123,56XIII,1230429,3,,16,20,2,3,,4,,,5,,,15,,,,,,"0,1","0,3",,,,,K4,,1,,,
124,,1230477,1,,,,4,,,4,,,2,,,15,,3,,,,,"0,2",,,,,K4,,,,,
125,,1230461,1,,18,5,4,,,4,,,4,,,15,,3,,,,,"0,25",,,,,K3,,,,,
126,70XI,1230467,1,,16,12,2,,,2,,,5,,,15,,3,,,,,"0,4",,,,,K3,,,,,
127,,1230200,1,,9,10,,,,,,,,,,15,,,,,,,,,,,,K4,joint zu 1 RS 1230204,,,,
128,,1230464,1,,,,4,6,,4,,,2,,,15,,,,,,,"0,15",,,,,K3,,,,,
129,44XIII,1230207,2,,12,23,4,2,,4,2,,2,,,15,,,,,,"0,1","0,2",,,,,K4,,,,,
130,,1230320,1,,12,6,4,,,4,7,,4,,,15,,,,,,"0,1","0,25",,,,,K3,,,,,
131,,1230380,1,,,,4,,,4,,,4,2,,15,,,,,,,,,,,,K,,,,,
132,58XI,1230436,2,,16,11,7,4,,4,,,4,2,,15,,,,,,"0,2","0,3",,,,,K3-K4,,,,,
133,,1230206,1,,16,6,1,,,1,,,5,,,15,,,,,,"0,2","0,3",,,,,K4,,,,,
134,46VIII,1230317,1,,20,6,2,1,,1,,,5,,,15,,,,,,"0,15","0,3",,,,,K6,,,,,
135,48XIII,1230484,1,,18,4,3,,,2,,,5,,,15,,,,,,"0,05","0,2",,,,,K1,,,,,
136,66X,1230454,1,,16,6,3,,,4,,,5,,,15,,,,,,,"0,3",,,,,K4,,,,,
137,69XIII,1230394,1,,14,9,4,,,4,,,5,,,15,,,,,,,"0,25",,,,,K4,,,,,
138,49IV,1230421,2,,18,23,4,,,4,,,5,,,15,,,,,,"0,15","0,3",,,,40,K3,,,,,
139,51IX,1230424,1,,12,8,4,,,4,,,5,,,15,,,,,,"0,1","0,2",,,,,K4,,,,,
140,59II,1230427,1,18,20,5,4,,,4,,,5,,,15,,,,,,"0,1","0,3",,,,,K3,,,,,
141,,1230435,1,,,,4,,,4,,,5,,,15,,,,,,,"0,3",,,,,K3,,,,,
142,39III,1230478,3,,,,4,7,,4,7,,5,,,15,,,,,,,,,,,,K1,,,,,
143,38I,1230344,1,,,777,7,,,7,,,5,,,15,,,,,,,"0,2",,,,,K4,,,,,
144,,1230442,1,,,777,7,1,,7,,,6,,,15,,,,,,,"0,25",,,,,K4,,,,,
145,59VIII,1230463,1,,18,7,1,,,1,,,6,,,15,,,,,,"0,1","0,2",,,,,K3,,,,,
146,,1230317,1,,,777,,,,,,,,,,15,,,,,,,,,,,,K3,,,,,
147,50III,1230421,1,,,,4,3,,4,7,2,5,,,15,2,,,,,"0,1","0,3",,,,60,,,,,,
148,55III,1230445,1,,,,4,7,,4,7,,5,,,16,,,,,,"0,1","0,2",,,,40,T1,,2,,,
149,,1230477,1,,18,6,6,,,6,,,2,,,16,,,,,,,"0,25",,,,60,,,,,,
150,66VII,1230454,2,,20,15,4,7,,4,,,5,,,17,,,,,,,"0,25",,,,40,K4,,,,,
151,43VI,1230351,4,,18,55,8,7,,3,7,,5,,,20,,,,,,"0,2","0,4",,,,40,T14,,1,,,
152,56XII,1230429,1,,12,11,3,2,,6,,,5,,,20,,,,,,"0,1","0,2",,,,40,T1,,2,,,
153,,1230493,7,,18,24,7,2,4,7,2,4,5,,,20,,,,,,,"0,25",,,,40,T14,,3,,,
154,,1230477,1,,14,6,1,2,,7,,,4,,,20,,3,,,,,"0,3",,,,,K1,,,,,
155,58II,1230472,1,16,,11,4,7,,4,,,5,,,20,,3,,,,"0,2","0,3",,,,40,T1,,,,,
156,,1230467,1,,,,3,,,3,,,6,,,20,,3,,,,,"0,15",,,,,K3,,,,,
157,72II,1230234,1,,16,12,2,1,,2,,,1,,,20,,3,,,,,"0,2",,,,50,T1,,,,,
158,72VI,1230252,1,,14,10,2,,,4,,,1,4,,20,,3,,,,,"0,2",,,,40,T14,,,,,
159,58IX,1230436,2,,19,22,4,,,1,4,,2,,,20,,,,,,"0,15","0,25",,,,40,T14,,,,,
160,64I,1230452,1,,18,11,6,3,,6,,,2,,,20,,,,,,,"0,25",,,,62,,,,,,
161,,1230464,3,,16,17,4,6,,4,6,,2,,,20,,,,,,,"0,25",,,,,T14,,,,,
162,52X,1230478,2,,17,48,6,4,,6,,,4,2,,20,,,,,,"0,1","0,2",,,,50,T6,,,,,
163,41XIV,1230346,1,,12,10,2,3,,1,2,,5,,,20,,,,,,"0,1","0,2",,,,50,T8,,,,,
164,59III,1230427,1,,20,9,2,,,1,2,,5,,,20,,,,,,"0,1","0,3",,,,70,G1,,,,,
165,59VI,1230463,1,,16,5,2,,,1,4,,5,,,20,,,,,,"0,2","0,3",,,,40,T1,,,,,
166,50XIII,1230420,2,,22,18,1,7,,1,7,,5,,,20,,,,,,"0,15","0,2",,,,40,T1,,,,,
167,52IX,1230478,1,,13,35,4,6,,6,,,5,,,20,,,,,,"0,15","0,2",,,,40,T1,,,,,
168,61I,1230402,1,,14,9,6,,,6,,,5,,,20,,,,,,,"0,2",,,,,T14,,,,,
169,65II,1230442,1,,15,11,4,2,,2,3,,5,,,20,,,,,,,"0,25",,,,40,T1,,,,,
170,66V,1230454,1,17,18,93,1,6,,4,,,5,,,20,,,,,,,"0,25",,,,40,T14,,,,,
171,53VIII,1230409,1,,18,6,1,2,,4,7,,5,,,20,,,,,,"0,2","0,3",,,,,K4,,,,,
172,51VIII,1230424,1,,16,15,1,7,,7,,,5,,,20,,,,,,"0,1","0,2",,,,,T14,,,,,
173,57XV,1230428,1,,,,,,,,,,5,,,20,,3,,,,"0,1","0,3",,,,70,G1,,,,,
174,54VII,1230409,1,,16,18,7,4,,6,4,,5,,,20,,,,,,,"0,3",,,,40,T1,,,,,
175,62V,1230395,1,,16,10,4,,,4,,,5,,,20,,,,,,,"0,2",,,,,K3,,,,,
176,58VI,1230406,1,,16,7,4,1,,1,,,6,,,20,,,,,,"0,1","0,3",,,,,T3,,,,,
177,47V,1230387,1,,12,10,1,7,,1,7,,6,,,20,,,,,,"0,1","0,2",,,,50,T10,,,,,
178,,1230409,1,,24,8,3,,,7,,,6,,,20,,,,,,,"0,2",,,,,T2,,,,,
179,58XII,1230436,3,,16,8,6,,,6,,,6,,,20,,,,,,"0,15","0,2",,,,40,T14,,,,,
180,31III,1230367,1,18,20,7,7,8,3,,,,,,,20,,,,,,"0,05","0,2",,,,40,,,,,,
181,61XIII,1230396,1,16,18,5,6,,,4,,,5,,,20,,,,,,,"0,2",1,,,50,T1,,,,,
182,,1230394,1,,12,16,,,,,,,,,,2019,,,,,,,,,,,,T1-T14,,,,,
183,,1230477,1,,,,4,,,4,,,5,,,20,2,,,,,,"0,25",,,,50,T1,,,,,
184,68II,1230405,1,,12,10,1,,,4,,,5,,,2,,,,,,,"0,3",,,,40,T1,,2,,,
185,32XII,1230340,1,,18,10,1,2,,4,,,2,4,,2,,,,,,"0,1","0,2",,,,40,T1,,3,,,
186,69V,1230461,1,,,,6,,,6,,,4,,,2,,3,,,,,"0,3",,,,,K4,,,,,
187,69X,1230394,1,,,,6,4,,6,4,,5,,,2,,3,,,,,"0,25",,,,,K4,,,,,
188,71III,1230477,1,,16,25,1,,,1,,,1,,,2,,3,,,,"0,15","0,3",,,,,K4,,,,,
189,41III,1230033,1,,16,8,1,,,,,,1,,,2,,,,,,,"0,4",,,,,T1,,,,,
190,42II,1230348,2,,13,30,7,4,,1,7,,1,7,,2,,,,,,"0,1","0,25",,,,40,T1,,,,,
191,48X,1230442,1,18,20,8,7,,,3,2,,2,,,2,,,,,,"0,1","0,2",,,,40,T1,,,,,
192,68VIII,1230464,1,,12,8,1,,,6,,,2,,,2,,,,,,"0,15","0,2",,,,,T3,,,,,
193,40V,1230033,1,18,20,5,1,2,,6,,,2,,,2,,,,,,"0,1","0,3",,,,40,T1,,,,,
194,44V,1230200,1,,16,12,2,,,2,,,4,2,,2,,,,,,"0,2","0,3",,,,40,T2,,,,,
195,56I,1230431,1,,14,8,1,,,1,,,5,,,2,,,,,,"0,1","0,2",,,,,T1,,,,,
196,71V,1230477,1,18,20,15,1,6,,1,6,,5,,,2,,,,,,,"0,25",,,,50,T21,,,,,
197,66VIII,1230454,1,18,20,11,4,7,,1,4,,5,,,2,,,,,,"0,1","0,2",,,,50,T4,,,,,
198,47III,1230387,1,,14,23,7,3,,3,,,5,,,2,,,,,,"0,2","0,4",,,,40,T5,,,,,
199,54XII,1230409,1,,11,5,1,2,,3,2,,5,,,2,,,,,,"0,1","0,2",,,,,T1,,,,,
200,43IV,1230351,1,,16,8,3,7,,3,7,,5,,,2,,,,,,"0,05","0,2",,,,40,T5,,,,,
201,43V,1230351,1,,22,6,4,,,4,,,5,,,2,,,,,,"0,1","0,3",,,,40,T15,,,,,
202,,1230440,1,,,,4,,,4,,,5,,,2,,,,,,,"0,2",,,,,K3,,,,,
203,,1230411,1,,18,5,4,2,,4,2,,6,,,2,,,,,,,"0,2",,,,,T1,,,,,
204,50II,1230421,1,,16,6,3,2,,3,2,,7,6,,2,,,,,,"0,1","0,2",,,,40,T2,,,,,
205,44VI,1230200,1,,12,8,1,2,,1,2,,,,,2,,,,,,"0,05","0,2",,,,42,T14,,,,,
206,31IX,1230296,1,,14,7,3,7,,3,7,,,,,2,,,,,,"0,15","0,3",,,,50,T2,,,,,
207,39VII,1230492,1,,,,1,7,,1,8,,7,6,,2,2,,,,,"0,05","0,2",,,,,T1,,,,,
208,36III,1230325,1,,24,8,,,,,,,2,7,,2,,13,,,,"0,2","0,3",,,,,T9,,,,,
209,64I,1230392,1,,18,53,2,4,,5,4,,5,,,2,,14,,,,,"0,25",,,,,T1,,,,,
210,,1230398,1,,17,7,4,,,4,,,6,,,20,,,,,,"0,1","0,2",,,,,T1,,,,,
211,30X,1230367,1,20,2,6,4,,,,,,5,,,,,,20,,,"0,1","0,3",,,,70,,,,,,https://zenodo.org/record/2529483
212,71VIII,1230477,1,,,,6,,,4,6,,5,,,20,,15,3,,,,"0,3",,,,,K4,,,,,
213,42IX,1230348,1,,14,10,1,,,7,3,,2,,,1,,3,,,,"0,2","0,5",,,,,K3,,,,,
214,44I,1230200,1,,12,15,4,,,4,,,5,,,1,,3,,,,"0,1","0,25",,,,,K4,,,,,
215,,1230282,1,,16,10,3,,,4,2,,6,,,1,,,,,,"0,1","0,2",,,,,K3,,,1,,
216,55XI,1230451,1,,14,6,3,7,,3,7,,5,,,1,,,,,,"0,05","0,2",,,,,T14,,1,,,
217,55II,1230445,1,,18,12,1,,,4,,,5,,,1,,,,,,"0,05","0,1",,,,,K4,,1,,,
218,70I,1230041,5,18,21,64,4,7,,4,,,5,,,1,,,,,,,"0,25",,,,40,T14,,1,,,
219,,1230427,1,,,1,6,,,1,2,,6,,,1,,,,,,"0,1","0,3",,,,40,T1,,1,,,
220,,1230402,3,,12,20,4,2,,4,2,,5,,,1,,,,,,,"0,25",,,,,K3-K4,,2,,,
221,71VII,1230477,1,,16,7,4,,,4,,,2,,,1,,3,,,,,"0,2",,,,,K4,,,,,
222,72IV,1230252,1,,14,19,4,2,,5,,,5,,,1,,3,,,,,"0,15",,,,,K3,,,,,
223,72VII,1230252,1,,18,8,6,4,,2,,,5,,,1,,3,,,,,"0,3",,,,40,K7,,,,,
224,,1230394,2,,,777,1,2,,4,,,5,,,1,,3,,,,,"0,2",,,,,K3,,,,,
225,69I,1230461,2,,18,34,6,4,,4,,,5,,,1,,3,,,,"0,15","0,25",,,,,T14,,,,,
226,46III,1230318,1,,18,23,1,7,,6,,,2,,,1,,,,,,"0,1","0,3",,,,40,T8,joint mit 1230317,,,,
227,46II,1230316,1,,14,28,1,2,,1,,,5,,,1,,,,,,"0,15","0,2",,,,40,T1,joint mit 1230318,,,,
228,,1230398,7,,16,33,2,4,,4,,,5,,,1,,,,,,"0,1","0,3",,,,,K3,wie Zchng. 60XII,,,,
229,,1230396,6,,16,35,4,2,,4,2,,5,,,1,,,,,,"0,1","0,25",,,,,K3,wie Zchng. 60XII,,,,
230,47VI,1230387,1,14,16,8,1,,,1,7,,1,,,1,,,,,,"0,1","0,25",,,,,K3,,,,,
231,36III,1230325,3,,16,38,7,3,,7,3,,2,,,1,,,,,,"0,1","0,2",,,,,K3,,,,,
232,60XI,1230402,4,,18,25,6,,,1,2,,2,,,1,,,,,,,"0,2",,,,,T1,,,,,
233,,1230320,1,,,,2,,,2,,,2,,,1,,,,,,"0,1","0,3",,,,,K3,,,,,
234,,1230319,1,,20,11,,,,4,,,4,,,1,,,,,geschwärzt,"0,1","0,7",,,,40,T14,,,,,
235,67IV,1230282,1,,16,10,1,2,,4,,,4,,,1,,,,,,,"0,25",,,,,K3,,,,,
236,51XI,1230418,1,,14,14,4,,,4,,,4,,,1,,,,,,"0,1","0,4",,,,,K3,,,,,
237,55VII,1230450,1,,,777,1,,,4,1,,4,,,1,,,,,,,"0,3",,,,40,T14,,,,,
238,,1230463,2,,14,8,6,,,4,3,,4,,,1,,,,,,,"0,2",,,,,K4,,,,,
239,45XII,1230380,1,,22,21,7,4,,4,7,,4,2,,1,,,,,,"0,15","0,2",,,,50,T1,,,,,
240,,1230319,1,,14,6,1,,,1,,,5,,,1,,,,,,"0,1","0,2",,,,,K3,,,,,
241,43X,1230351,1,,14,6,1,,,1,,,5,,,1,,,,,,,"0,25",,,,,K3,,,,,
242,,1230442,1,,,777,1,,,1,,,5,,,1,,,,,,"0,05","0,25",,,,,K3,,,,,
243,,1230050,1,,,,4,,,1,,,5,,,1,,,,,,,,,,,,K4,,,,,
244,62IV,1230395,1,,19,16,1,2,,1,4,,5,,,1,,,,,,,"0,2",,,,50,T7,,,,,
245,68XI,1230464,1,,16,5,2,4,,1,4,,5,,,1,,,,,,,"0,2",,,,,K3,,,,,
246,65III,1230442,1,14,16,8,1,,,1,2,,5,,,1,,,,,,,"0,25",,,,40,K3,,,,,
247,50I,1230421,2,,16,25,3,2,,2,,,5,,,1,,,,,,,"0,2",,,,40,K3,,,,,
248,52II,1230418,1,,17,9,1,,,2,1,,5,,,1,,,,,,"0,1","0,3",,,,,T5,,,,,
249,57X,1230428,1,,14,8,1,,,2,1,,5,,,1,,,,,,,"0,1",,,,,K3,,,,,
250,31VIII,1230296,3,,20,23,9,2,,2,1,,5,,,1,,3,,,,"0,1","0,2",,,,,K3,,,,,
251,56VIII,1230429,1,,14,13,1,,,4,,,5,,,1,,,,,,"0,2","0,3",,,,40,T14,,,,,
252,32X,1230340,1,,12,10,2,8,,4,,,5,,,1,,,,,,,"0,1",,,,,K3,,,,,
253,,1230477,1,,18,7,4,,,4,,,5,,,1,,,,,,,"0,25",,,,,T1,,,,,
254,,1230489,1,,18,7,4,,,4,,,5,,,1,,,,,,"0,2","0,3",,,,,K4,,,,,
255,,1230392,1,,18,7,4,2,,4,,,5,,,1,,,,,,,"0,2",,,,,K4,,,,,
256,62XI,1230493,1,,14,8,6,,,4,,,5,,,1,,,,,,,"0,2",,,,,K3,,,,,
257,35VI,1230333,1,,18,10,4,,,4,1,,5,,,1,,,,,,"0,05","0,2",,,,40,T1,,,,,
258,54III,1230415,1,,18,10,4,1,,4,1,,5,,,1,,,,,,"0,15","0,2",,,,,T1,,,,,
259,38VIII,1230344,2,,20,41,1,2,,4,2,,5,,,1,,,,,,"0,2","0,3",,,,,T5,,,,,
260,35VI,1230333,2,,14,16,4,2,,8,7,,5,,,1,,,,,,"0,1","0,25",,,,,K3,,,,,
261,36IX,1230327,1,,18,10,1,2,,,,,5,,,1,,,,,,"0,1","0,2",,,,,K3,,,,,
262,37III,1230289,2,12,14,11,2,1,,,,,5,,,1,,,,,,"0,2","0,3",,,,,K4,,,,,
263,32V,1230284,1,14,16,5,9,2,,,,,5,,,1,,,,,,"0,05","0,15",,,,,K4,,,,,
264,58XIII,1230436,4,,18,5,7,4,,4,,,6,,,1,,,,,,"0,2","0,3",,,,,T14,,,,,
265,60II,1230435,2,,18,34,4,7,,4,7,,6,,,1,,,,,,,"0,2",,,,,T14,,,,,
266,43III,1230351,1,,12,10,7,,,4,,,7,4,,1,,,,,,"0,1","0,4",,,,,K3,,,,,
267,43II,1230351,1,,20,15,7,1,,7,1,,,,,1,,,,,,"0,1","0,25",,,,40,K3,,,,,
268,,1230473,1,,,777,,,,,,,,,,1,,,,,,,,,,,,K4,,,,,
269,,1230472,1,,,,2,,,4,,,5,,,1,,3,,,,"0,1","0,2",,,,,K3,,,,,
270,62X,1230493,1,,16,5,2,7,,,,,2,,,1,,,,,,"0,05","0,15",,,,40,T4,,,,,
271,45XIII,1230380,1,,22,7,1,2,,2,,,5,,,1,,15,,,,"0,1","0,25",,,,40,K4,,,,,
272,467XI,1230487,2,,18,34,4,2,,7,,,6,,,1,2,,,,,"0,2","0,4",,,,40,T1,,,,,
273,60IX,1230402,1,,14,13,4,7,,4,1,,4,,,20,,,,,,"0,2","0,25",,,,,T1,,,,,
274,41XV,1230346,1,16,18,6,1,2,,1,,,5,,,20,2,,,,,"0,1","0,2",,,,,T1,,,,,
275,44XI,1230206,1,,,,8,,,4,,,6,,,2019,,,,,,"0,15","0,3",,,,,T1,,,,,
276,66III,1230473,1,,14,6,6,,,3,2,,6,,,1,,,,,,"0,2","0,4",2,,,40,T5,,,,,
277,,1230478,2,,,,1,2,,6,,,5,,,1,,,,,,,"0,2",,,,,T1,,,,,
278,60XII,1230402,3,,16,27,4,2,,4,2,,5,,,1,,,,,,"0,2","0,25",,,,,K3,,,,,
279,,1230463,1,,15,15,4,2,,6,,,5,,,,,,,,,,"0,2",1,,,40,T1,,,,,
280,,1230418,1,,,,3,1,,4,,,5,,,,,,,,,,"0,3",5,,,40,K1,,,,,
281,68IV,1230464,1,,20,8,4,3,,4,3,,5,,,,,,3,,,,"0,2",,,,70,G2,,,,,
282,71XII,1230477,1,12,14,5,4,,,4,,,4,,,,,,21,,,"0,15","0,2",,,,,T1,,,,,
283,44VIII,1230200,1,,22,9,2,,,4,2,,4,2,,,,,,,,"0,05","0,2",4,,,,T1,,,,,
284,47IV,1230387,1,,12,9,8,,,6,,,5,,,,,,,,,"0,1","0,2",4,,,40,T5,,,,,
285,,1230207,1,,14,7,4,,,4,,,5,,,,,,,,,,"0,2",4,,,,T1,,,,,
286,68XIII,1230464,1,,14,5,1,,,1,,,5,,,3,,,,,,"0,15","0,3",,,,50,T1,,,,,
287,59X,1230463,1,,21,20,4,,,4,,,5,,,10,,,10,,,"0,2","0,3",,,,70,G1,,,,,
288,35XIII,1230333,1,,12,6,4,,,2,,,6,,,23,,,,,,"0,4","0,5",,,,62,K,,,,,
289,,1230464,1,,16,8,4,,,4,,,2,,,,,,,,,,"0,25",1,,,,T1,,1,,,
290,68XII,1230464,1,,,,6,4,,6,4,,2,,,,,,,,,,"0,25",1,,,,T12,,,,,
291,,1230041,1,,18,10,6,,,6,,,2,,,,,,,,,,"0,25",1,,,,T5,,,,,
292,60X,1230402,1,,15,34,4,2,,4,6,,2,,,,,,,,,"0,1","0,25",1,,,,T14,,,,,
293,,1230435,3,,16,25,1,7,,4,1,,4,2,,,,,,,,"0,1","0,3",1,,,,T8,,,,,
294,61XV,1230398,1,,13,15,4,2,,1,4,,5,,,,,,,,,"0,15","0,2",1,,,50,T9,,,,,
295,67I,1230282,3,,16,24,4,7,,2,7,,5,,,,,,,,,,"0,2",1,,,,T1-T9,,,,,
296,50VI,1230421,1,,16,13,1,,,2,1,,5,,,,,,,,,"0,1","0,3",1,,,,T1,,,,,
297,,1230402,2,,18,24,2,4,,2,4,,5,,,,,,,,,"0,1","0,2",1,,,,T13,,,,,
298,58VII,1230406,2,,22,20,1,8,,4,,,5,,,,,,,,,"0,1","0,25",1,,,50,T5,,,,,
299,,1230427,1,14,,14,4,7,,4,,,5,,,,,,,,,,"0,2",1,,,,T16,,,,,
300,,1230427,1,,14,14,4,7,,4,,,5,,,,,,,,,,"0,2",1,,,,T16,,,,,
301,67XII,1230282,1,,12,15,6,,,4,,,5,,,,,,,,,,"0,25",1,,,,T1,,,,,
302,,1230408,1,,16,7,6,,,4,,,5,,,,,,,,,,"0,25",1,,,,T1,,,,,
303,67VII,1230282,1,,18,11,1,,,4,1,,5,,,,,,,,,,"0,35",1,,,,T5,,,,,
304,60I,1230435,1,,16,37,4,2,,4,2,,5,,,,,,,,,"0,1","0,2",1,,,,T1-T4,,,,,
305,,1230041,1,,16,14,6,,,6,,,6,,,,,,,,,,"0,25",1,,,,T12,,,,,
306,,1230463,1,,18,14,7,,,7,,,6,,,,,,,,,,"0,2",1,,,40,T1,,,,,
307,,1230402,1,,18,20,4,2,,4,2,,8,,,,,,,,,,"0,2",1,,,,T1,,,,,
308,,1230396,1,,18,10,,,,,,,,,,,,,,,,,,1,,,50,T12,,,,,
309,,1230317,1,,18,9,1,,,1,,,4,,,,,,,geschwärzt i/a,,"0,3","0,5",,,Topf,40,T5,,,,,
310,55V,1230450,1,,12,13,2,,,5,,,5,,,,,,,,,,"0,1",,,,,T1,,,,sehr dünnwanig,
311,42V,1230348,2,,15,40,1,,,4,7,,2,,,,,,,,,"0,15","0,3",,,,40,T14,+ 1 RS 1230346,,,,
312,36VIII,1230333,3,,22,27,2,7,,2,7,,5,,,,,,,,,"0,1","0,2",,,,40,T1,,1,,,
313,45VI,1230383,1,,21,29,4,,,4,,,5,,,,,,,,,"0,15","0,25",,,,50,T16,,1,,,
314,34VII,1230324,2,17,18,15,2,,,1,,,1,,,,,,,,,"0,05","0,1",,,,5040,T3,,2,,,
315,35XII,1230333,1,,20,15,4,,,1,,,5,,,,,,,,,"0,05","0,25",,,,50,T1,,3,,,
316,59VII,1230463,2,,17,48,4,3,,7,4,,5,,,,,,,,,"0,1","0,2",,,,5040,T1,,3,,,
317,56IV,1230433,2,,28,20,3,7,,7,,,2,,,,,,,,,,"0,4",,,,10,,,4,,,
318,56III,1230433,1,,19,9,4,9,,4,2,9,2,,,,,,,,,"0,2","0,4",,,,20,,,8,,,
319,55I,1230445,1,,20,10,7,,,6,,,5,,,,,,,blasig überbrannt,,"0,1","0,3",,,,40,T1,,,,,
320,,1230348,1,,,10,,,,,,,,,,,,,,,,,,,,,50,T1,gehört zu Zchng. 41 XIV,,,,
321,41VI,1230344,3,,,,,,,,,,,,,,,,,,gelocht,"0,1","0,25",,,,,T1,,,,,
322,46II,1230318,3,,14,28,,,,,,,,,,,,,,,,,,,,,,,joint mit 1230316,,,,
323,46III,1230317,1,,18,23,,,,,,,,,,,,,,,,,,,,,40,,joint mit 1230318,,,,
324,46IX,1230317,1,,,,,,,,,,,,,,,,,,,,,,,,,,joint mit 1230319,,,,
325,45XII,1230383,1,,,,,,,,,,,,,,,,,,,,,,,,50,,joint zu 1230380,,,,
326,,1230396,1,,16,17,4,2,,4,2,,2,,,,,,,,,,"0,2",,,,40,T1,wie Zchng. 60VIII,,,,
327,,1230396,1,,16,8,,,,,,,,,,,,,,,,,,,,,40,T1,wie Zchng. 60VIII,,,,
328,,1230400,1,,16,5,1,,,1,,,5,,,,,,,,,,"0,2",,,,60,,wie Zchng. 61IV,,,,
329,,1230398,1,,16,13,4,7,,4,7,,2,,,,,,,,,"0,15","0,2",,,,50,T9,wie Zchng. 61X,,,,
330,,1230252,1,,16,15,,,,,,,,,,,,,,,,,,,,,50,T1-T8,wie Zchng. 65XI,,,,
331,,1230327,1,,24,8,,,,,,,,,,,,,,,,,,,,,,,zu 36III gehörend,,,,
332,,1230346,1,,13,5,7,,,7,,,2,,,,,,,,,,,,,,40,,zu Zchng. 42II,,,,
333,,1230346,2,,15,16,4,1,,1,,,5,,,,,,,,,,"0,2",,,,40,,zu Zchng. 42V,,,,
334,46IV,1230318,1,,16,16,1,7,,1,,,1,,,,,,,,,"0,05","0,3",,,,50,T1,,,,,
335,,1230344,1,20,,5,8,,,1,,,1,,,,,,,,,"0,05","0,2",,,,,T1,,,,,
336,50XIV,1230420,2,,12,15,2,,,1,2,,1,,,,,,,,,,"0,05",,,,100,,,,,,
337,,1230475,1,,18,9,1,7,,1,7,,1,,,,,,,,,"0,2","0,3",,,,,T1,,,,,
338,,1230478,1,,18,5,1,7,,,,,1,2,,,,,,,geschwärzt innen,,"0,2",,,,,T11,,,,,
339,,1230041,1,,,,1,,,1,,,1,,,,,,,,,,"0,15",,,,40,T2,,,,,
340,51II,1230420,1,,18,15,1,,,1,,,2,,,,,,,,,,"0,2",,,,,T10,,,,,
341,48I,1230390,2,,14,24,3,7,,1,,,2,,,,,,,,,"0,05","0,15",,,,40,T8,,,,,
342,68I,1230405,1,,10,10,7,,,3,2,,2,,,,,,,,,"0,15","0,25",,,,40,T1,,,,,
343,,1230409,1,,19,15,3,7,,3,7,,2,,,,,,,,,"0,05","0,3",,,,,T1,,,,,
344,,1230434,1,,18,8,3,,,6,,,2,,,,,,,,,,"0,2",,,,,T1,,,,,
345,,1230467,1,,21,10,3,,,6,,,2,,,,,,,,,,"0,3",,,,,T1,,,,,
346,63IX,1230434,1,,18,15,6,,,6,,,2,,,,,,,,,"0,1","0,3",,,,50,T8,,,,,
347,67III,1230282,1,,14,24,6,,,6,,,2,,,,,,,,,"0,2","0,25",,,,40,T14,,,,,
348,69II,1230461,1,,16,6,7,,,6,,,2,,,,,,,,,,"0,25",,,,40,K4,,,,,
349,71XIII,1230457,1,,,,6,,,6,,,2,,,,,,,glatt innen,,,,,,,,T5,,,,,
350,67II,1230282,1,,16,15,1,2,,6,1,,2,,,,,,,,,"0,15","0,25",,,,40,T5,,,,,
351,60VIII,1230402,1,,18,15,7,1,,6,,,2,,,,,,,,,"0,1","0,2",,,,40,T6,,,,,
352,47IX,1230320,1,,,777,2,3,,2,3,,2,,,,,,,,,"0,1","0,2",,,,,KF,,,,,
353,,1230041,1,,18,6,4,,,4,,,2,,,,,,,,,,"0,3",,,,40,T8,,,,,
354,70X,1230467,1,,14,14,4,2,,4,2,,2,,,,,,,,,"0,2","0,35",,,,,KT1,,,,,
355,62IX,1230493,2,,18,20,1,4,2,4,7,,2,,,,,,,,,"0,1","0,25",,,,50,T4,,,,,
356,,1230461,1,,19,14,7,,,4,7,,2,,,,,,,,,,"0,25",,,,,T1,,,,,
357,67XI,1230282,1,,16,15,7,6,,4,7,,2,,,,,,,,,,"0,3",,,,40,T4,,,,,
358,48VII,1230390,1,,15,73,4,2,,4,7,,2,,,,,,,,,"0,1","0,3",,,,50,T16,,,,,
359,,1230439,1,,18,8,3,7,,8,7,,2,,,,,,,,,,"0,1",,,,,T1,,,,,
360,,1230344,1,,20,13,8,7,,8,7,,2,,,,,,,,,"0,2","0,4",,,,,T1,,,,,
361,55VIII,1230480,1,,16,11,1,7,,7,,,2,,,,,,,,,,"0,2",,,,,T1,,,,,
362,48IV,1230390,1,,,,4,7,,7,,,2,,,,,,,,,"0,1","0,25",,,,50,T5,,,,,
363,30II,1230367,1,,20,15,8,,,7,2,,2,,,,,,,,,"0,15","0,2",,,,,,,,,,https://zenodo.org/record/2529425
364,,1230421,1,16,18,7,4,,,7,4,,2,,,,,,,,,,"0,2",,,,,T5,,,,,
365,34I,1230284,1,,18,40,2,3,,,,,2,,,,,,,,,"0,05","0,3",,,,50,T1,,,,,
366,31X,1230296,1,,14,2,2,3,,,,,2,,,,,,,,,"0,05","0,15",,,,40,T3,,,,,
367,40VI,1230033,1,12,14,10,2,7,,,,,2,,,,,,,,,"0,1","0,2",,,,40,T13,,,,,
368,,1230344,1,,14,5,7,,,,,,2,,,,,,,,,"0,1","0,5",,,,,T12,,,,,
369,29II,1230367,1,,18,9,9,8,3,,,,2,,,,,,,,,"0,05","0,3",,,,50,T21,,,,,
370,40IV,1230033,1,,20,33,2,1,,2,,,2,1,,,,,,,,"0,2","0,4",,,,40,T8,,,,,
371,34III,1230335,1,,12,25,7,3,,7,3,,3,,,,,,,,,"0,05","0,15",,,,60,,,,,,
372,,1230398,1,,16,18,3,,,3,,,3,7,,,,,,,,"0,1","0,2",,,,,T3,,,,,
373,,1230200,1,,16,13,7,,,7,,,3,7,,,,,,,,"0,2","0,3",,,,,T1,,,,,
374,,1230387,1,16,18,6,,,,,,,4,,,,,,,,geschärzt,"0,05","0,25",,,,,T1,,,,,
375,,1230427,1,22,24,10,4,,,1,,,4,,,,,,,,,,"0,2",,,,,T16,,,,,
376,,1230409,1,,14,15,4,,,4,,,4,,,,,,,,,"0,1","0,2",,,,,T1,,,,,
377,,1230409,1,,16,13,4,,,4,,,4,,,,,,,,,"0,1","0,2",,,,,T1,,,,,
378,,1230409,1,,18,15,4,,,4,,,4,,,,,,,,,"0,1","0,2",,,,,T1,,,,,
379,,1230411,1,12,14,6,4,,,4,,,4,,,,,,,,,"0,2","0,3",,,,,T2,,,,,
380,,1230421,1,,14,11,4,,,4,,,4,,,,,,,,,,"0,1",,,,,T5,,,,,
381,,1230282,1,,18,15,4,2,,4,,,4,,,,,,,,,,"0,25",,,,,T6,,,,,
382,,1230418,1,,,,,,,,,,4,,,,,,,,,,"0,25",,,,70,G14,,,,,
383,69IV,1230461,5,,16,13,3,,,7,,,4,5,,,,,,,,,"0,15",,,,,T15,,,,,
384,57I,1230429,1,,18,14,2,,,4,,,4,2,,,,,,,,,"0,2",,,,50,T1,,,,,
385,44IV,1230200,1,,22,35,2,4,,4,,,4,2,,,,,,,,"0,1","0,25",,,,40,T1,,,,,
386,,1230194,1,,,777,1,4,,4,,,4,2,,,,,,,,,"0,25",,,,,K4,,,,,
387,,1230402,1,,16,11,4,2,,4,,,5,,,,,,,,,,"0,2",,,,,T1,,,,,
388,59XI,1230463,1,,14,11,1,,,2,1,,5,,,,,,,,,,"0,25",,,,40,T1,,,,,
389,,1230343,1,14,,9,1,,,7,,,5,,,,,,,,,"0,1","0,15",,,,,T1,,,,,
390,51V,1230420,1,,12,11,1,,,1,,,5,,,,,,,,,,"0,25",,,,,T5,,,,,
391,,1230420,1,,18,6,1,,,1,,,5,,,,,,,,,,"0,25",,,,,T5,,,,,
392,,1230451,1,,18,7,1,,,1,,,5,,,,,,,,,"0,1","0,2",,,,,T10,,,,,
393,37IX,1230289,1,,21,10,1,,,1,,,5,,,,,,,,,"0,2","0,3",,,,70,G1,,,,,
394,,1230317,1,,16,8,1,,,1,,,5,,,,,,,,,"0,1","0,3",,,,,T2,,,,,
395,,1230383,2,,20,8,1,,,1,,,5,,,,,,,,,"0,1","0,3",,,,,T5,,,,,
396,53VII,1230409,1,,16,20,1,6,,1,,,5,,,,,,,,,"0,15","0,25",,,,40,T1,,,,,
397,36IV,1230325,1,,16,8,2,,,1,,,5,,,,,,,,,"0,05","0,3",,,,50,T8,,,,,
398,57XI,1230428,1,,22,18,2,1,,1,,,5,,,,,,,,,,"0,3",,,,50,T1,,,,,
399,,1230398,1,,14,14,4,,,1,,,5,,,,,,,,,,"0,25",,,,,T1,,,,,
400,54VIII,1230409,2,,18,20,4,3,,1,,,5,,,,,,,,,"0,1","0,2",,,,50,T12-T2,,,,,
401,37VIII,1230289,1,,22,7,6,,,1,,,5,,,,,,,,,"0,2","0,4",,,,,T1,,,,,
402,,1230387,1,,19,9,6,,,1,,,5,,,,,,,,,"0,1","0,2",,,,,T1,,,,,
403,,1230418,1,,14,15,7,,,1,,,5,,,,,,,,,,"0,2",,,,,T1,,,,,
404,48VII,1230482,2,,20,16,7,,,1,,,5,,,,,,,,,"0,1","0,2",,,,,T12,,,,,
405,41II,1230033,1,,22,6,8,,,1,,,5,,,,,,,,,,"0,25",,,,50,T1,,,,,
406,62XIII,1230493,1,,14,9,1,6,,1,6,,5,,,,,,,,,,"0,2",,,,40,T12,,,,,
407,54II,1230415,1,,14,21,1,2,,1,2,,5,,,,,,,,,"0,1","0,2",,,,40,T1,,,,,
408,34IV,1230331,1,,14,16,2,9,,1,8,,5,,,,,,,,,"0,2","0,25",,,,40,T1,,,,,
409,,1230418,1,,24,12,1,7,,1,7,,5,,,,,,,,,,"0,3",,,,,T1-T5,,,,,
410,,1230344,1,,10,11,2,,,3,,,5,,,,,,,,,,"0,3",,,,,K1,,,,,
411,51IV,1230420,1,,12,11,2,3,,3,,,5,,,,,,,,,"0,2","0,3",,,,40,T1,,,,,
412,,1230206,1,,14,7,3,,,3,,,5,,,,,,,,,"0,1","0,4",,,,,K4,,,,,
413,63XI,1230392,3,,15,48,3,4,,3,,,5,,,,,,,,,"0,1","0,2",,,,40,T8,,,,,
414,35II,1230324,1,,14,9,6,,,3,,,5,,,,,,,,,,"0,1",,,,40,T1,,,,,
415,,1230406,1,,18,7,999,,,3,,,5,,,,,,,,,"0,2","0,3",,,,,K4,,,,,
416,68V,1230464,1,,21,28,2,,,3,4,,5,,,,,,,,,,"0,25",,,,40,T15,,,,,
417,,1230484,4,,14,19,3,7,,3,7,,5,,,,,,,,,"0,1","0,25",,,,,K4,,,,,
418,50V,1230421,1,,18,6,3,2,,3,2,,5,,,,,,,,,"0,1","0,2",,,,50,T8,,,,,
419,43I,1230351,3,,20,49,7,3,,3,2,,5,,,,,,,,,"0,1","0,4",,,,50,T13,,,,,
420,41VIII,1230344,2,,18,19,7,,,3,7,,5,,,,,,,,,"0,2","0,3",,,,,T1,,,,,
421,55XIII,1230446,1,,14,13,7,,,3,7,,5,,,,,,,,,"0,1","0,3",,,,40,T1,,,,,
422,53II,1230475,1,,16,5,7,3,,3,7,,5,,,,,,,,,,"0,1",,,,40,T5,,,,,
423,,1230282,1,,18,8,1,,,6,,,5,,,,,,,,,,"0,4",,,,40,T4,,,,,
424,52IV,1230418,1,,22,12,1,2,,6,,,5,,,,,,,,,,"0,2",,,,50,T12,,,,,
425,,1230400,1,,12,10,3,6,,6,,,5,,,,,,,,,,"0,3",,,,40,T13,,,,,
426,61XI,1230396,1,,14,9,4,,,6,,,5,,,,,,,,,"0,1","0,2",,,,50,T1,,,,,
427,,1230408,1,,14,7,4,,,6,,,5,,,,,,,,,,"0,2",,,,,T1,,,,,
428,61X,1230396,1,,15,26,4,2,,6,,,5,,,,,,,,,"0,1","0,2",,,,50,T1,,,,,
429,,1230418,1,,20,7,6,,,6,,,5,,,,,,,,,,"0,25",,,,,T5,,,,,
430,,1230435,1,,16,17,6,,,6,,,5,,,,,,,,,,"0,2",,,,,T1,,,,,
431,,1230442,2,,16,15,6,,,6,,,5,,,,,,,,,,"0,2",,,,,T4,,,,,
432,,1230493,1,,17,6,6,,,6,,,5,,,,,,,,,,"0,2",,,,,K4,,,,,
433,,1230250,1,,,777,6,,,6,,,5,,,,,,GF,glatt außen,,,"0,25",,,,70,G1,,,,,
434,52I,1230418,1,,22,15,3,4,,6,3,,5,,,,,,,,,"0,1","0,3",,,,50,T1,,,,,
435,31IV,1230367,1,,17,21,7,9,,9,,,5,,,,,,,,,"0,2","0,25",,,,40,,,,,,
436,39II,1230478,1,,,,9,,,9,,,5,,,,,,,,,,,,,,50,T8,,,,,
437,36XI,1230327,1,18,20,8,,,,,,,5,,,,,,,,geschwärzt i/a,,"0,25",,,,50,T8,,,,,
438,,1230478,1,,16,15,1,,,2,,,5,,,,,,,,,,"0,2",,,,,T1,,,,,
439,,1230344,1,,18,10,2,,,2,,,5,,,,,,,,,"0,2","0,3",,,,,T1,,,,,
440,63VI,1230447,1,,20,7,2,,,2,,,5,,,,,,,,,,"0,2",,,,,T1,,,,,
441,66VI,1230454,2,,20,25,2,,,2,,,5,,,,,,,,,"0,2","0,4",,,,40,T2,,,,,
442,,1230449,1,,18,10,3,,,2,,,5,,,,,,,,,,"0,2",,,,,T6,,,,,
443,,1230451,1,,20,8,3,,,2,,,5,,,,,,,,,,"0,2",,,,,T1,,,,,
444,36XII,1230327,1,,16,16,4,,,2,,,5,,,,,,,,,"0,1","0,15",,,,40,T1,,,,,
445,56XIV,1230429,1,,13,18,4,1,,2,,,5,,,,,,,,,,"0,3",,,,60,GF,,,,,
446,57XVI,1230469,2,,16,20,4,2,,2,,,5,,,,,,,,,"0,2","0,25",,,,40,T10,,,,,
447,41IV,1230033,3,,22,15,6,,,2,,,5,,,,,,,,,"0,1","0,2",,,,,T1,,,,,
448,54I,1230415,1,,16,36,2,1,,2,1,,5,,,,,,,,,"0,1","0,3",,,,40,T10,,,,,
449,33V,1230340,1,16,18,5,8,,,2,1,,5,,,,,,,,,"0,1","0,2",,,,70,G1,,,,,
450,56X,1230429,1,,18,9,3,,,2,3,,5,,,,,,,,,"0,2","0,3",,,,52,T1,,,,,
451,35III,1230324,1,,12,9,8,,,2,3,,5,,,,,,,,,"0,1","0,15",,,,,T5,,,,,
452,53V,1230475,1,,,,4,,,2,,,5,,,,,,,glatt i,,,"0,3",,,,70,G1,,,,,
453,55XIV,1230446,1,,14,9,3,2,,2,7,,5,,,,,,,,,"0,1","0,25",,,,50,T1,,,,,
454,41I,1230033,1,,18,7,1,,,5,,,5,,,,,,,,,"0,1","0,2",,,,,T1,,,,,
455,41XVI,1230346,1,,12,11,1,,,5,,,5,,,,,,,,,,"0,15",,,,60,,,,,,
456,,1230415,1,,18,1,2,1,,5,,,5,,,,,,,,,,"0,2",,,,,T2,,,,,
457,59V,1230427,1,,19,11,2,4,,5,,,5,,,,,,,,,"0,1","0,3",,,,40,T6,,,,,
458,67V,1230282,1,,18,9,2,,,5,,,5,,,,,,,,,,"0,25",,,,102,KT1,,,,,
459,,1230477,2,,,,2,,,5,,,5,,,,,,,,,,"0,2",,,,,T5,,,,,
460,61IV,1230402,1,,16,12,9,,,5,,,5,,,,,,,,,,"0,3",,,,60,,,,,,
461,37X,1230289,2,,18,8,1,,,4,,,5,,,,,,,,,"0,05","0,2",,,,70,G3,,,,,
462,68III,1230464,2,,16,15,1,2,,4,,,5,,,,,,,,,"0,2","0,25",,,,40,T10,,,,,
463,,1230484,2,,,,1,8,,4,,,5,,,,,,,,,,"0,25",,,,,K4,,,,,
464,48VIII,1230482,1,,,,1,7,,4,,,5,,,,,,,,,,"0,25",,,,,K3,,,,,
465,57II,1230429,1,,14,11,2,4,,4,,,5,,,,,,,,,,"0,3",,,,,K4,,,,,
466,,1230451,1,,16,7,2,4,,4,,,5,,,,,,,,,,"0,25",,,,,T1,,,,,
467,35IV,1230324,1,18,20,7,2,8,,4,,,5,,,,,,,,,"0,15","0,4",,,,,T1,,,,,
468,,1230197,1,,14,10,3,,,4,,,5,,,,,,,,,"0,1","0,2",,,,50,T8,,,,,
469,52III,1230418,1,,16,6,3,,,4,,,5,,,,,,,,,"0,2","0,3",,,,,K4,,,,,
470,,1230207,1,,18,7,4,,,4,,,5,,,,,,,,,,"0,4",,,,40,T13,,,,,
471,46VI,1230316,2,,21,25,4,,,4,,,5,,,,,,,,,"0,1","0,2",,,,70,G1,,,,,
472,47X,1230320,1,,16,15,4,,,4,,,5,,,,,,,,,"0,05","0,2",,,,50,T8,,,,,
473,,1230320,1,,,,4,,,4,,,5,,,,,,,,,,,,,,,T8,,,,,
474,43VII,1230351,2,,18,29,4,,,4,,,5,,,,,,,,,"0,25","0,3",,,,40,T10,,,,,
475,44XV,1230385,1,,,,4,,,4,,,5,,,,,,,,,"0,2","0,25",,,,70,G1,,,,,
476,63XII,1230392,1,,18,7,4,,,4,,,5,,,,,,,,,,"0,3",,,,,K4,,,,,
477,,1230406,1,,16,11,4,,,4,,,5,,,,,,,,,,"0,2",,,,,T1,,,,,
478,,1230429,1,,14,7,4,,,4,,,5,,,,,,,,,"0,1","0,2",,,,6070,,,,,,
479,50X,1230439,1,,20,9,4,,,4,,,5,,,,,,,,,"0,05","0,2",,,,70,G1,,,,,
480,,1230440,1,,,777,4,,,4,,,5,,,,,,,,,"0,1","0,25",,,,40,T1,,,,,
481,,1230440,1,,,,4,,,4,,,5,,,,,,,,,,"0,2",,,,,T8,,,,,
482,,1230442,1,,14,5,4,,,4,,,5,,,,,,,,,"0,1","0,25",,,,,K4,,,,,
483,,1230463,1,,16,11,4,,,4,,,5,,,,,,,,,,"0,2",,,,,T1,,,,,
484,68X,1230464,1,,14,10,4,,,4,,,5,,,,,,,,,,"0,15",,,,60,Bob1,,,,,
485,49II,1230484,1,,18,100,4,,,4,,,5,,,,,,,,,"0,05","0,25",,,,50,T1-9,,,,,
486,47XIII,1230390,1,,18,6,4,1,,4,,,5,,,,,,,,,"0,05","0,2",,,,,K4,,,,,
487,49III,1230421,1,,14,20,4,2,,4,,,5,,,,,,,,,"0,1","0,25",,,,40,T8,,,,,
488,,1230463,1,,18,9,4,2,,4,,,5,,,,,,,,,"0,2","0,4",,,,5040,T1,,,,,
489,62XII,1230493,3,,16,38,6,,,4,,,5,,,,,,,,,"0,1","0,35",,,,40,T1,,,,,
490,,1230252,1,,22,18,6,2,,4,,,5,,,,,,,,,,"0,2",,,,50,T2,joint mit 1230254,,,,
491,58VIII,1230406,1,,14,20,7,,,4,,,5,,,,,,,,,"0,15","0,2",,,,40,T1,,,,,
492,38II,1230344,2,,14,13,7,4,,4,,,5,,,,,,,,,"0,2","0,3",,,,40,K4,,,,,
493,51X,1230424,1,,13,30,,,,4,,,5,,,,,,,,geschwärzt,"0,1","0,3",,,,50,T12,,,,,
494,73I,1230252,1,,16,14,1,2,,4,1,,5,,,,,,,,,,"0,2",,,,5040,T24,,,,,
495,67X,1230282,1,,14,11,3,,,4,6,,5,,,,,,,,,,"0,3",,,,,K4,,,,,
496,,1230449,1,,12,5,4,6,,4,6,,5,,,,,,,,,,"0,2",,,,,T3,,,,,
497,58IV,1230472,1,16,,7,4,,,4,2,,5,,,,,,GF,,,"o,15","o,2",,,,70,G2,,,,,
498,58XVI,1230411,2,,22,21,4,3,,4,3,,5,,,,,,,,,,"0,15",,,,50,T1,,,,,
499,38IV,1230344,1,,20,13,2,,,4,2,,5,,,,,,,,,"0,2","0,3",,,,40,T1,,,,,
500,61XIII,1230398,2,,16,50,4,6,,4,2,,5,,,,,,,,,"0,1","0,3",,,,50,T2,,,,,
501,43VIII,1230351,2,,20,29,4,2,,4,2,,5,,,,,,,,,"0,1","0,2",,,,50,T1,,,,,
502,36III,1230325,1,,14,12,6,,,4,2,,5,,,,,,,,,"0,2","0,3",,,,40,T3,,,,,
503,,1230400,1,,15,15,6,,,4,2,,5,,,,,,,,,"0,15","0,2",,,,,T13,,,,,
504,,1230406,1,,18,9,6,,,4,2,,5,,,,,,,,,,"0,15",,,,,T1,,,,,
505,43XI,1230351,1,,20,9,7,,,4,2,,5,,,,,,,,,,"0,4",,,,50,T13,,,,,
506,54V,1230409,3,,17,60,1,7,,4,7,,5,,,,,,,,,"0,1","0,3",,,,50,T1,,,,,
507,55X,1230451,1,,18,6,1,7,,4,7,,5,,,,,,,,,"0,1","0,25",,,,,K6,,,,,
508,,1230316,1,,,,4,,,4,,,5,,,,,,,,,,"0,2",,,,70,G2,,,,,
509,63II,1230493,2,,18,16,8,,,8,,,5,,,,,,,,,,"0,25",,,,40,T1,,,,,
510,63I,1230493,5,,17,70,8,4,,8,4,,5,,,,,,,,,,"0,2",,,,40,T12,,,,,
511,33VI,1230340,1,,18,15,2,9,,8,,,5,,,,,,,,,"0,1","0,2",,,,,T1,,,,,
512,32IV,1230284,1,,14,11,8,7,,8,,,5,,,,,,,,,"0,1","0,2",,,,40,T1,,,,,
513,39IV,1230478,4,,,,1,2,,8,1,,5,,,,,,,,,"0,2","0,25",,,,,K4,,,,,
514,,1230439,1,,,,2,,,8,2,,5,,,,,,,,,,,,,,70,G1,,,,,
515,37VII,1230289,1,,18,9,1,,,8,,,5,,,,,,,,,"0,2","0,3",,,,42,T10,,,,,
516,37IV,1230289,3,,11,30,2,,,8,,,5,,,,,,,,,"0,1","0,3",,,,,K3,,,,,
517,35XIV,1230333,1,14,16,7,8,,,8,,,5,,,,,,,,,1,"0,2",,,,,K3,,,,,
518,56VII,1230429,1,,18,15,2,7,,7,,,5,,,,,,Ruß,,,,"0,2",,,,40,T1,,,,,
519,70XIV,1230467,1,,,,1,7,,7,,,5,,,,,,,,,,"0,1",,,,,T13,,,,,
520,,1230418,1,,12,24,2,,,7,,,5,,,,,,,,,,"0,2",,,,,T1,,,,,
521,,1230439,1,,16,10,3,,,7,,,5,,,,,,,,,,,,,,,T1,,,,,
522,53I,1230475,2,,17,20,3,2,,7,,,5,,,,,,,,,"0,1","0,4",,,,40,T13,,,,,
523,50VIII,1230439,1,,20,25,3,7,,7,,,5,,,,,,,,,"0,2","0,3",,,,50,T8,,,,,
524,,1230050,1,,18,11,7,,,7,,,5,,,,,,,,,,"0,25",,,,,T1,,,,,
525,,1230402,2,,18,11,7,,,7,,,5,,,,,,,,,,"0,3",,,,,T2,,,,,
526,54VI,1230409,2,,16,33,1,7,,7,1,,5,,,,,,,,,"0,1","0,2",,,,50,T12,,,,,
527,33IV,1230340,1,,,777,8,2,,7,2,,5,,,,,,,,,"0,05","0,2",,,,40,T5,,,,,
528,32XIII,1230340,1,,13,7,8,7,,7,2,,5,,,,,,,,,"0,05","0,1",,,,40,T3,,,,,
529,32III,1230284,1,,18,23,9,2,,7,2,,5,,,,,,,,,,"0,1",,,,40,T1,,,,,
530,,1230346,,,20,7,2,,,,,,5,,,,,,,,,,,,,,,T7,,,,,
531,31V,1230367,1,,15,10,2,9,,,,,5,,,,,,,,,"0,05","0,1",,,,50,,,,,,
532,31VI,1230367,1,,24,15,2,9,,,,,5,,,,,,,,,"0,05","0,4",,,,40,,,,,,
533,37VI,1230289,1,,18,10,2,1,,,,,5,,,,,,,,,"0,2","0,35",,,,50,T5,,,,,
534,30XI,1230367,1,,18,5,2,3,,,,,5,,,,,,,,,"0,05","0,15",,,,,K1,,,,,https://zenodo.org/record/2529508
535,53III,1230475,3,,19,50,2,3,4,,,,5,,,,,,,,,"0,1","0,3",,,,50,T17,,,,,
536,,1230344,1,,18,8,2,7,,,,,5,,,,,,,,,"0,1","0,3",,,,,T2,,,,,
537,35IX,1230333,1,,16,25,3,2,,,,,5,,,,,,,,,"0,05","0,2",,,,40,T3,,,,,
538,41V,1230344,1,18,20,9,3,7,,,,,5,,,,,,,,,"0,1","0,2",,,,40,T1,,,,,
539,36X,1230327,1,,14,25,4,,,,,,5,,,,,,,,,"0,1","0,2",,,,40,T5,,,,,
540,32II,1230284,3,,14,45,8,7,,,,,5,,,,,,,,,"0,1","0,2",,,,40,T1,,,,,
541,,1230284,1,,16,10,8,7,,,,,5,,,,,,,,,"0,1","0,3",,,,,T1,,,,,
542,33III,1230340,1,14,16,5,8,7,,,,,5,,,,,,,,,"0,1","0,15",,,,40,T1,,,,,
543,57XII,1230428,1,,20,6,2,,,1,,,5,6,,,,,,,,"0,1","0,3",,,,50,T2,,,,,
544,,1230464,2,,,,,,,,,,5,6,,,,,GF,,,"0,15","0,25",,,,70,G4,,,,,
545,37VI,1230289,1,,18,5,7,,,1,,,6,,,,,,,,,"0,1","0,35",,,,40,T1,,,,,
546,56XI,1230429,1,,19,12,4,7,,1,3,,6,,,,,,,,,"0,2","0,3",,,,70,G1,,,,,
547,59I,1230427,1,,13,20,3,8,,3,,,6,,,,,,,,,"0,1","0,2",,,,50,T6,,,,,
548,60V,1230435,1,,16,9,4,2,,3,,,6,,,,,,,,,,"0,2",,,,,T8,,,,,
549,45II,1230386,1,,,,3,2,,3,2,,6,,,,,,,,,"0,1","0,25",,,,1020,,,,,,
550,61XIV,1230398,1,,,777,1,2,,6,,,6,,,,,,,,,"0,15","0,2",,,,40,T5,,,,,
551,,1230398,1,,22,13,6,,,6,,,6,,,,,,,,,,"0,25",,,,,T1,,,,,
552,,1230473,1,,18,10,6,,,6,,,6,,,,,,,,,"0,1","0,4",,,,,T2,,,,,
553,44XVI,1230385,1,,18,12,6,8,,6,,,6,,,,,,,,,"0,1","0,2",,,,,T1,,,,,
554,38III,1230344,5,,22,69,7,2,,6,,,6,,,,,,,,,"0,1","0,25",,,,40,T1,,,,,
555,58X,1230436,1,,17,5,2,,,2,,,6,,,,,,,,,"0,15","0,25",,,,40,K4,,,,,
556,,1230041,1,,,,4,,,4,,,6,,,,,,,,,,"0,2",,,,,T2,,,,,
557,64VI,1230452,1,,16,6,4,,,4,,,6,,,,,,,,,,"0,25",,,,,K7,,,,,
558,66IX,1230454,1,16,18,9,4,7,,4,,,6,,,,,,,,,"0,25","0,3",,,,40,T1,,,,,
559,61IX,1230396,1,,16,12,6,,,4,6,,6,,,,,,,,,,"0,2",,,,50,T1,,,,,
560,63VIII,1230434,2,,16,18,4,7,,4,7,,6,,,,,,,,,"0,2","0,3",,,,112,KT1,,,,,
561,62III,1230395,2,,17,35,3,6,,7,,,6,,,,,,,,,"0,15","0,25",,,,50,T13,,,,,
562,64IX,1230476,1,,18,12,7,,,7,,,6,,,,,,,,,,"0,25",,,,40,T12,,,,,
563,43IX,1230351,1,,16,12,1,,,7,1,,6,,,,,,,,,"0,1","0,2",,,,50,T13,,,,,
564,37XVI,1230343,1,,14,15,1,7,,7,3,,6,,,,,,,,,"0,1","0,2",,,,50,T1,,,,,
565,34IX,1230324,1,,20,13,2,8,,,,,6,,,,,,,,,"0,1","0,15",,,,,T1,,,,,
566,38VI,1230344,1,,6,13,7,2,,,,,6,,,,,,,,,"0,05","0,1",,,,,T12,,,,,
567,35I,1230324,1,,18,6,7,8,,,,,6,,,,,,,,,"0,1","0,15",,,,40,T1,,,,,
568,,1230050,1,,18,9,8,,,7,,,7,,,,,,,,,,"0,25",,,,,T1,,,,,
569,,1230367,1,16,,11,7,8,,7,8,,7,6,,,,,,,,,,,,,,T2,,,,,
570,,1230320,1,,18,8,6,,,7,,,7,6,,,,,,,,,"0,2",,,,,T1,,,,,
571,,1230383,2,,20,12,7,,,7,,,7,6,,,,,,,,"0,1","0,4",,,,,T2,,,,,
572,,1230484,1,,16,14,7,,,7,,,7,6,,,,,,,,,"0,25",,,,,T1,,,,,
573,31II,1230367,1,,18,11,7,2,3,,,,7,6,,,,,,,,"0,05","0,3",,,,70,,,,,,
574,36V,1230325,1,,12,9,4,,,1,,,7,8,,,,,,,,"0,05","0,3",,,,50,T8,,,,,
575,,1230481,1,,18,7,8,,,8,,,8,,,,,,,,,"0,1","0,2",,,,,T1,,,,,
576,,1230344,1,,18,9,8,7,,,,,8,7,,,,,,,,,,,,,,T5,,,,,
577,57VIII,1230428,1,,19,16,3,4,,3,2,,10,,,,,,,,,"0,25","0,3",,,,40,T1,,,,,
578,40VII,1230033,1,16,18,5,6,,,1,,,,,,,,,,,,"0,1","0,2",,,,,T1,,,,,
579,,1230436,1,,16,10,2,4,,3,,,,,,,,,,,,"0,15",,,,,,T4,,,,,
580,,1230493,1,18,20,8,,,,,,,,,,,,,GF,,,,,,,,70,G2,,,,,
581,33II,1230340,3,,14,50,2,9,,,,,,,,,,,,,,"0,2","0,3",,,,50,T1,,,,,
582,48XII,1230442,1,,,,,,,,,,,,,,,,,,geschwärzt,,,,,,60,,,,,,
583,,1230289,1,,14,14,,,,,,,,,,,,,,,,,,,,,,T1,,,,,
584,,1230316,1,,,,,,,,,,,,,,,,,,,,,,,,,T8,,,,,
585,,1230318,1,,18,15,,,,,,,,,,,,,,,,,,,,,50,T1,,,,,
586,,1230333,1,,12,9,,,,,,,,,,,,,,,,,,,,,72,,,,,,
587,,1230340,1,,12,11,,,,,,,,,,,,,,,,,,,,,,T5,,,,,
588,,1230340,1,,18,5,,,,,,,,,,,,,,,,,,,,,,T1,,,,,
589,,1230348,1,,16,15,,,,,,,,,,,,,,,,,,,,,,T1,,,,,
590,,1230348,1,,18,15,,,,,,,,,,,,,,,,,,,,,,T1,,,,,
591,,1230351,1,,16,10,,,,,,,,,,,,,,,,,,,,,,T13,,,,,
592,30VIII,1230367,1,999,,888,,,,,,,,,,,,,,,,,,,,,60,,,,,,https://zenodo.org/record/2529467
593,,1230394,1,,14,9,,,,,,,,,,,,,,,,,,,,,,T17,,,,,
594,,1230408,1,,,777,,,,,,,,,,,,,,,,,,,,,,T15,,,,,
595,,1230428,1,,18,6,,,,,,,,,,,,,,,,,,,,,,T1,,,,,
596,,1230428,1,,18,7,,,,,,,,,,,,,,,,,,,,,,T1,,,,,
597,,1230428,1,,,,,,,,,,,,,,,,,,,"0,25","0,6",,,,1020,,,,,,
598,50VII,1230439,2,,12,35,,,,,,,,,,,,,,,,,,,,,,,,,,,
599,,1230493,1,,20,7,,,,,,,,,,,,,,,,,,,,,,T1,,,,,
600,63III,1230493,1,,,,,,,,,,,,,,,,,,,,,,,,40,T1,,,,,
601,,1230496,1,,18,5,,,,,,,,,,,,,,,,,,,,,,T2,,,,,
